"filename", "language", "GLSL", "C++", "CMake", "C", "Markdown", "PostCSS", "HTML", "SCSS", "XML", "Objective-C", "JavaScript", "comment", "blank", "total"
"/home/Tino/Documents/Coding Projects/Velocity-Engine/CMakeLists.txt", "CMake", 0, 0, 95, 0, 0, 0, 0, 0, 0, 0, 0, 0, 26, 121
"/home/Tino/Documents/Coding Projects/Velocity-Engine/assets/shaders/scene/fragmentShader.frag", "GLSL", 17, 0, 0, 0, 0, 0, 0, 0, 0, 0, 0, 0, 6, 23
"/home/Tino/Documents/Coding Projects/Velocity-Engine/assets/shaders/scene/vertexShader.vert", "GLSL", 16, 0, 0, 0, 0, 0, 0, 0, 0, 0, 0, 0, 3, 19
"/home/Tino/Documents/Coding Projects/Velocity-Engine/assets/shaders/ui/uiFragmentShader.frag", "GLSL", 11, 0, 0, 0, 0, 0, 0, 0, 0, 0, 0, 0, 4, 15
"/home/Tino/Documents/Coding Projects/Velocity-Engine/assets/shaders/ui/uiVertexShader.vert", "GLSL", 11, 0, 0, 0, 0, 0, 0, 0, 0, 0, 0, 0, 2, 13
"/home/Tino/Documents/Coding Projects/Velocity-Engine/include/core/engine.hpp", "C++", 0, 23, 0, 0, 0, 0, 0, 0, 0, 0, 0, 0, 4, 27
"/home/Tino/Documents/Coding Projects/Velocity-Engine/include/core/engineState.hpp", "C++", 0, 31, 0, 0, 0, 0, 0, 0, 0, 0, 0, 0, 7, 38
"/home/Tino/Documents/Coding Projects/Velocity-Engine/include/core/input.hpp", "C++", 0, 28, 0, 0, 0, 0, 0, 0, 0, 0, 0, 0, 7, 35
"/home/Tino/Documents/Coding Projects/Velocity-Engine/include/core/ressources.hpp", "C++", 0, 6, 0, 0, 0, 0, 0, 0, 0, 0, 0, 0, 1, 7
"/home/Tino/Documents/Coding Projects/Velocity-Engine/include/core/time.hpp", "C++", 0, 18, 0, 0, 0, 0, 0, 0, 0, 0, 0, 0, 5, 23
"/home/Tino/Documents/Coding Projects/Velocity-Engine/include/core/window.hpp", "C++", 0, 15, 0, 0, 0, 0, 0, 0, 0, 0, 0, 0, 5, 20
"/home/Tino/Documents/Coding Projects/Velocity-Engine/include/math/mat4.hpp", "C++", 0, 184, 0, 0, 0, 0, 0, 0, 0, 0, 0, 0, 14, 198
"/home/Tino/Documents/Coding Projects/Velocity-Engine/include/math/vector2.hpp", "C++", 0, 131, 0, 0, 0, 0, 0, 0, 0, 0, 0, 0, 13, 144
"/home/Tino/Documents/Coding Projects/Velocity-Engine/include/math/vector3.hpp", "C++", 0, 157, 0, 0, 0, 0, 0, 0, 0, 0, 0, 0, 13, 170
"/home/Tino/Documents/Coding Projects/Velocity-Engine/include/math/vector4.hpp", "C++", 0, 167, 0, 0, 0, 0, 0, 0, 0, 0, 0, 0, 13, 180
"/home/Tino/Documents/Coding Projects/Velocity-Engine/include/physics/rigidBody.hpp", "C++", 0, 13, 0, 0, 0, 0, 0, 0, 0, 0, 0, 0, 4, 17
"/home/Tino/Documents/Coding Projects/Velocity-Engine/include/rendering/camera.hpp", "C++", 0, 20, 0, 0, 0, 0, 0, 0, 0, 0, 0, 0, 6, 26
"/home/Tino/Documents/Coding Projects/Velocity-Engine/include/rendering/material.hpp", "C++", 0, 7, 0, 0, 0, 0, 0, 0, 0, 0, 0, 0, 2, 9
"/home/Tino/Documents/Coding Projects/Velocity-Engine/include/rendering/mesh.hpp", "C++", 0, 26, 0, 0, 0, 0, 0, 0, 0, 0, 0, 0, 10, 36
"/home/Tino/Documents/Coding Projects/Velocity-Engine/include/rendering/renderer.hpp", "C++", 0, 56, 0, 0, 0, 0, 0, 0, 0, 0, 0, 0, 16, 72
"/home/Tino/Documents/Coding Projects/Velocity-Engine/include/rendering/scene.hpp", "C++", 0, 31, 0, 0, 0, 0, 0, 0, 0, 0, 0, 0, 7, 38
"/home/Tino/Documents/Coding Projects/Velocity-Engine/include/rendering/shader.hpp", "C++", 0, 31, 0, 0, 0, 0, 0, 0, 0, 0, 0, 0, 7, 38
"/home/Tino/Documents/Coding Projects/Velocity-Engine/include/rendering/texture.hpp", "C++", 0, 23, 0, 0, 0, 0, 0, 0, 0, 0, 0, 0, 8, 31
"/home/Tino/Documents/Coding Projects/Velocity-Engine/include/ui/engineUi.hpp", "C++", 0, 2, 0, 0, 0, 0, 0, 0, 0, 0, 0, 0, 1, 3
"/home/Tino/Documents/Coding Projects/Velocity-Engine/include/ui/uiButton.hpp", "C++", 0, 8, 0, 0, 0, 0, 0, 0, 0, 0, 0, 0, 2, 10
"/home/Tino/Documents/Coding Projects/Velocity-Engine/include/ui/uiElement.hpp", "C++", 0, 28, 0, 0, 0, 0, 0, 0, 0, 0, 0, 0, 7, 35
"/home/Tino/Documents/Coding Projects/Velocity-Engine/include/ui/uiManager.hpp", "C++", 0, 22, 0, 0, 0, 0, 0, 0, 0, 0, 0, 0, 8, 30
"/home/Tino/Documents/Coding Projects/Velocity-Engine/include/ui/uiText.hpp", "C++", 0, 14, 0, 0, 0, 0, 0, 0, 0, 0, 0, 0, 5, 19
"/home/Tino/Documents/Coding Projects/Velocity-Engine/src/core/engine.cpp", "C++", 0, 62, 0, 0, 0, 0, 0, 0, 0, 0, 0, 0, 16, 78
"/home/Tino/Documents/Coding Projects/Velocity-Engine/src/core/input.cpp", "C++", 0, 77, 0, 0, 0, 0, 0, 0, 0, 0, 0, 0, 17, 94
"/home/Tino/Documents/Coding Projects/Velocity-Engine/src/core/main.cpp", "C++", 0, 10, 0, 0, 0, 0, 0, 0, 0, 0, 0, 0, 1, 11
"/home/Tino/Documents/Coding Projects/Velocity-Engine/src/core/time.cpp", "C++", 0, 24, 0, 0, 0, 0, 0, 0, 0, 0, 0, 0, 9, 33
"/home/Tino/Documents/Coding Projects/Velocity-Engine/src/core/window.cpp", "C++", 0, 41, 0, 0, 0, 0, 0, 0, 0, 0, 0, 0, 11, 52
"/home/Tino/Documents/Coding Projects/Velocity-Engine/src/physics/rigidBody.cpp", "C++", 0, 26, 0, 0, 0, 0, 0, 0, 0, 0, 0, 0, 7, 33
"/home/Tino/Documents/Coding Projects/Velocity-Engine/src/rendering/camera.cpp", "C++", 0, 62, 0, 0, 0, 0, 0, 0, 0, 0, 0, 0, 15, 77
"/home/Tino/Documents/Coding Projects/Velocity-Engine/src/rendering/mesh.cpp", "C++", 0, 67, 0, 0, 0, 0, 0, 0, 0, 0, 0, 0, 10, 77
"/home/Tino/Documents/Coding Projects/Velocity-Engine/src/rendering/renderer.cpp", "C++", 0, 149, 0, 0, 0, 0, 0, 0, 0, 0, 0, 0, 47, 196
"/home/Tino/Documents/Coding Projects/Velocity-Engine/src/rendering/scene.cpp", "C++", 0, 33, 0, 0, 0, 0, 0, 0, 0, 0, 0, 0, 7, 40
"/home/Tino/Documents/Coding Projects/Velocity-Engine/src/rendering/shader.cpp", "C++", 0, 77, 0, 0, 0, 0, 0, 0, 0, 0, 0, 1, 18, 96
"/home/Tino/Documents/Coding Projects/Velocity-Engine/src/rendering/texture.cpp", "C++", 0, 38, 0, 0, 0, 0, 0, 0, 0, 0, 0, 0, 8, 46
"/home/Tino/Documents/Coding Projects/Velocity-Engine/src/ui/engineUi.cpp", "C++", 0, 64, 0, 0, 0, 0, 0, 0, 0, 0, 0, 0, 13, 77
"/home/Tino/Documents/Coding Projects/Velocity-Engine/src/ui/uiButton.cpp", "C++", 0, 18, 0, 0, 0, 0, 0, 0, 0, 0, 0, 0, 4, 22
"/home/Tino/Documents/Coding Projects/Velocity-Engine/src/ui/uiElement.cpp", "C++", 0, 38, 0, 0, 0, 0, 0, 0, 0, 0, 0, 0, 11, 49
"/home/Tino/Documents/Coding Projects/Velocity-Engine/src/ui/uiManager.cpp", "C++", 0, 47, 0, 0, 0, 0, 0, 0, 0, 0, 0, 0, 10, 57
"/home/Tino/Documents/Coding Projects/Velocity-Engine/src/ui/uiText.cpp", "C++", 0, 30, 0, 0, 0, 0, 0, 0, 0, 0, 0, 0, 7, 37
"/home/Tino/Documents/Coding Projects/Velocity-Engine/thirdParty/glad/CMakeLists.txt", "CMake", 0, 0, 5, 0, 0, 0, 0, 0, 0, 0, 0, 0, 1, 6
"/home/Tino/Documents/Coding Projects/Velocity-Engine/thirdParty/glad/include/KHR/khrplatform.h", "C++", 0, 117, 0, 0, 0, 0, 0, 0, 0, 0, 0, 165, 30, 312
"/home/Tino/Documents/Coding Projects/Velocity-Engine/thirdParty/glad/include/glad/glad.h", "C++", 0, 3658, 0, 0, 0, 0, 0, 0, 0, 0, 0, 20, 17, 3695
"/home/Tino/Documents/Coding Projects/Velocity-Engine/thirdParty/glad/src/glad.c", "C", 0, 0, 0, 1762, 0, 0, 0, 0, 0, 0, 0, 25, 47, 1834
"/home/Tino/Documents/Coding Projects/Velocity-Engine/thirdParty/glfw-3.4/CMake/GenerateMappings.cmake", "CMake", 0, 0, 40, 0, 0, 0, 0, 0, 0, 0, 0, 0, 9, 49
"/home/Tino/Documents/Coding Projects/Velocity-Engine/thirdParty/glfw-3.4/CMake/i686-w64-mingw32-clang.cmake", "CMake", 0, 0, 12, 0, 0, 0, 0, 0, 0, 0, 0, 0, 2, 14
"/home/Tino/Documents/Coding Projects/Velocity-Engine/thirdParty/glfw-3.4/CMake/i686-w64-mingw32.cmake", "CMake", 0, 0, 12, 0, 0, 0, 0, 0, 0, 0, 0, 0, 2, 14
"/home/Tino/Documents/Coding Projects/Velocity-Engine/thirdParty/glfw-3.4/CMake/modules/FindEpollShim.cmake", "CMake", 0, 0, 14, 0, 0, 0, 0, 0, 0, 0, 0, 0, 4, 18
"/home/Tino/Documents/Coding Projects/Velocity-Engine/thirdParty/glfw-3.4/CMake/modules/FindOSMesa.cmake", "CMake", 0, 0, 14, 0, 0, 0, 0, 0, 0, 0, 0, 0, 5, 19
"/home/Tino/Documents/Coding Projects/Velocity-Engine/thirdParty/glfw-3.4/CMake/x86_64-w64-mingw32-clang.cmake", "CMake", 0, 0, 12, 0, 0, 0, 0, 0, 0, 0, 0, 0, 2, 14
"/home/Tino/Documents/Coding Projects/Velocity-Engine/thirdParty/glfw-3.4/CMake/x86_64-w64-mingw32.cmake", "CMake", 0, 0, 12, 0, 0, 0, 0, 0, 0, 0, 0, 0, 2, 14
"/home/Tino/Documents/Coding Projects/Velocity-Engine/thirdParty/glfw-3.4/CMakeLists.txt", "CMake", 0, 0, 132, 0, 0, 0, 0, 0, 0, 0, 0, 0, 34, 166
"/home/Tino/Documents/Coding Projects/Velocity-Engine/thirdParty/glfw-3.4/deps/getopt.c", "C", 0, 0, 0, 109, 0, 0, 0, 0, 0, 0, 0, 89, 33, 231
"/home/Tino/Documents/Coding Projects/Velocity-Engine/thirdParty/glfw-3.4/deps/getopt.h", "C++", 0, 23, 0, 0, 0, 0, 0, 0, 0, 0, 0, 25, 10, 58
"/home/Tino/Documents/Coding Projects/Velocity-Engine/thirdParty/glfw-3.4/deps/glad/gl.h", "C++", 0, 5658, 0, 0, 0, 0, 0, 0, 0, 0, 0, 183, 156, 5997
"/home/Tino/Documents/Coding Projects/Velocity-Engine/thirdParty/glfw-3.4/deps/glad/gles2.h", "C++", 0, 1467, 0, 0, 0, 0, 0, 0, 0, 0, 0, 183, 156, 1806
"/home/Tino/Documents/Coding Projects/Velocity-Engine/thirdParty/glfw-3.4/deps/glad/vulkan.h", "C++", 0, 5835, 0, 0, 0, 0, 0, 0, 0, 0, 0, 72, 424, 6331
"/home/Tino/Documents/Coding Projects/Velocity-Engine/thirdParty/glfw-3.4/deps/linmath.h", "C++", 0, 518, 0, 0, 0, 0, 0, 0, 0, 0, 0, 20, 69, 607
"/home/Tino/Documents/Coding Projects/Velocity-Engine/thirdParty/glfw-3.4/deps/mingw/_mingw_dxhelper.h", "C++", 0, 102, 0, 0, 0, 0, 0, 0, 0, 0, 0, 6, 10, 118
"/home/Tino/Documents/Coding Projects/Velocity-Engine/thirdParty/glfw-3.4/deps/mingw/dinput.h", "C++", 0, 2090, 0, 0, 0, 0, 0, 0, 0, 0, 0, 188, 190, 2468
"/home/Tino/Documents/Coding Projects/Velocity-Engine/thirdParty/glfw-3.4/deps/mingw/xinput.h", "C++", 0, 128, 0, 0, 0, 0, 0, 0, 0, 0, 0, 79, 33, 240
"/home/Tino/Documents/Coding Projects/Velocity-Engine/thirdParty/glfw-3.4/deps/nuklear.h", "C++", 0, 19009, 0, 0, 0, 0, 0, 0, 0, 0, 0, 4909, 1861, 25779
"/home/Tino/Documents/Coding Projects/Velocity-Engine/thirdParty/glfw-3.4/deps/nuklear_glfw_gl2.h", "C++", 0, 311, 0, 0, 0, 0, 0, 0, 0, 0, 0, 28, 43, 382
"/home/Tino/Documents/Coding Projects/Velocity-Engine/thirdParty/glfw-3.4/deps/stb_image_write.h", "C++", 0, 1242, 0, 0, 0, 0, 0, 0, 0, 0, 0, 315, 168, 1725
"/home/Tino/Documents/Coding Projects/Velocity-Engine/thirdParty/glfw-3.4/deps/tinycthread.c", "C", 0, 0, 0, 472, 0, 0, 0, 0, 0, 0, 0, 60, 63, 595
"/home/Tino/Documents/Coding Projects/Velocity-Engine/thirdParty/glfw-3.4/deps/tinycthread.h", "C++", 0, 138, 0, 0, 0, 0, 0, 0, 0, 0, 0, 255, 51, 444
"/home/Tino/Documents/Coding Projects/Velocity-Engine/thirdParty/glfw-3.4/deps/wayland/fractional-scale-v1.xml", "XML", 0, 0, 0, 0, 0, 0, 0, 0, 85, 0, 0, 0, 18, 103
"/home/Tino/Documents/Coding Projects/Velocity-Engine/thirdParty/glfw-3.4/deps/wayland/idle-inhibit-unstable-v1.xml", "XML", 0, 0, 0, 0, 0, 0, 0, 0, 70, 0, 0, 0, 14, 84
"/home/Tino/Documents/Coding Projects/Velocity-Engine/thirdParty/glfw-3.4/deps/wayland/pointer-constraints-unstable-v1.xml", "XML", 0, 0, 0, 0, 0, 0, 0, 0, 287, 0, 0, 0, 53, 340
"/home/Tino/Documents/Coding Projects/Velocity-Engine/thirdParty/glfw-3.4/deps/wayland/relative-pointer-unstable-v1.xml", "XML", 0, 0, 0, 0, 0, 0, 0, 0, 117, 0, 0, 0, 20, 137
"/home/Tino/Documents/Coding Projects/Velocity-Engine/thirdParty/glfw-3.4/deps/wayland/viewporter.xml", "XML", 0, 0, 0, 0, 0, 0, 0, 0, 154, 0, 0, 0, 27, 181
"/home/Tino/Documents/Coding Projects/Velocity-Engine/thirdParty/glfw-3.4/deps/wayland/wayland.xml", "XML", 0, 0, 0, 0, 0, 0, 0, 0, 2636, 0, 0, 23, 493, 3152
"/home/Tino/Documents/Coding Projects/Velocity-Engine/thirdParty/glfw-3.4/deps/wayland/xdg-activation-v1.xml", "XML", 0, 0, 0, 0, 0, 0, 0, 0, 164, 0, 0, 0, 37, 201
"/home/Tino/Documents/Coding Projects/Velocity-Engine/thirdParty/glfw-3.4/deps/wayland/xdg-decoration-unstable-v1.xml", "XML", 0, 0, 0, 0, 0, 0, 0, 0, 132, 0, 0, 0, 25, 157
"/home/Tino/Documents/Coding Projects/Velocity-Engine/thirdParty/glfw-3.4/deps/wayland/xdg-shell.xml", "XML", 0, 0, 0, 0, 0, 0, 0, 0, 1143, 0, 0, 4, 224, 1371
"/home/Tino/Documents/Coding Projects/Velocity-Engine/thirdParty/glfw-3.4/docs/CMakeLists.txt", "CMake", 0, 0, 48, 0, 0, 0, 0, 0, 0, 0, 0, 0, 10, 58
"/home/Tino/Documents/Coding Projects/Velocity-Engine/thirdParty/glfw-3.4/docs/CONTRIBUTING.md", "Markdown", 0, 0, 0, 0, 280, 0, 0, 0, 0, 0, 0, 0, 111, 391
"/home/Tino/Documents/Coding Projects/Velocity-Engine/thirdParty/glfw-3.4/docs/DoxygenLayout.xml", "XML", 0, 0, 0, 0, 0, 0, 0, 0, 63, 0, 0, 5, 4, 72
"/home/Tino/Documents/Coding Projects/Velocity-Engine/thirdParty/glfw-3.4/docs/SUPPORT.md", "Markdown", 0, 0, 0, 0, 9, 0, 0, 0, 0, 0, 0, 0, 5, 14
"/home/Tino/Documents/Coding Projects/Velocity-Engine/thirdParty/glfw-3.4/docs/build.md", "Markdown", 0, 0, 0, 0, 301, 0, 0, 0, 0, 0, 0, 0, 119, 420
"/home/Tino/Documents/Coding Projects/Velocity-Engine/thirdParty/glfw-3.4/docs/compat.md", "Markdown", 0, 0, 0, 0, 224, 0, 0, 0, 0, 0, 0, 0, 77, 301
"/home/Tino/Documents/Coding Projects/Velocity-Engine/thirdParty/glfw-3.4/docs/compile.md", "Markdown", 0, 0, 0, 0, 261, 0, 0, 0, 0, 0, 0, 0, 111, 372
"/home/Tino/Documents/Coding Projects/Velocity-Engine/thirdParty/glfw-3.4/docs/context.md", "Markdown", 0, 0, 0, 0, 245, 0, 0, 0, 0, 0, 0, 0, 96, 341
"/home/Tino/Documents/Coding Projects/Velocity-Engine/thirdParty/glfw-3.4/docs/extra.css", "PostCSS", 0, 0, 0, 0, 0, 1, 0, 0, 0, 0, 0, 1, 1, 3
"/home/Tino/Documents/Coding Projects/Velocity-Engine/thirdParty/glfw-3.4/docs/extra.scss", "SCSS", 0, 0, 0, 0, 0, 0, 0, 333, 0, 0, 0, 28, 93, 454
"/home/Tino/Documents/Coding Projects/Velocity-Engine/thirdParty/glfw-3.4/docs/footer.html", "HTML", 0, 0, 0, 0, 0, 0, 7, 0, 0, 0, 0, 0, 1, 8
"/home/Tino/Documents/Coding Projects/Velocity-Engine/thirdParty/glfw-3.4/docs/header.html", "HTML", 0, 0, 0, 0, 0, 0, 30, 0, 0, 0, 0, 3, 2, 35
"/home/Tino/Documents/Coding Projects/Velocity-Engine/thirdParty/glfw-3.4/docs/html/build_8md.html", "HTML", 0, 0, 0, 0, 0, 0, 75, 0, 0, 0, 0, 4, 3, 82
"/home/Tino/Documents/Coding Projects/Velocity-Engine/thirdParty/glfw-3.4/docs/html/build_guide.html", "HTML", 0, 0, 0, 0, 0, 0, 211, 0, 0, 0, 0, 4, 3, 218
"/home/Tino/Documents/Coding Projects/Velocity-Engine/thirdParty/glfw-3.4/docs/html/compat_8md.html", "HTML", 0, 0, 0, 0, 0, 0, 75, 0, 0, 0, 0, 4, 3, 82
"/home/Tino/Documents/Coding Projects/Velocity-Engine/thirdParty/glfw-3.4/docs/html/compat_guide.html", "HTML", 0, 0, 0, 0, 0, 0, 150, 0, 0, 0, 0, 4, 3, 157
"/home/Tino/Documents/Coding Projects/Velocity-Engine/thirdParty/glfw-3.4/docs/html/compile_8md.html", "HTML", 0, 0, 0, 0, 0, 0, 75, 0, 0, 0, 0, 4, 3, 82
"/home/Tino/Documents/Coding Projects/Velocity-Engine/thirdParty/glfw-3.4/docs/html/compile_guide.html", "HTML", 0, 0, 0, 0, 0, 0, 213, 0, 0, 0, 0, 4, 3, 220
"/home/Tino/Documents/Coding Projects/Velocity-Engine/thirdParty/glfw-3.4/docs/html/context_8md.html", "HTML", 0, 0, 0, 0, 0, 0, 75, 0, 0, 0, 0, 4, 3, 82
"/home/Tino/Documents/Coding Projects/Velocity-Engine/thirdParty/glfw-3.4/docs/html/context_guide.html", "HTML", 0, 0, 0, 0, 0, 0, 252, 0, 0, 0, 0, 4, 3, 259
"/home/Tino/Documents/Coding Projects/Velocity-Engine/thirdParty/glfw-3.4/docs/html/deprecated.html", "HTML", 0, 0, 0, 0, 0, 0, 82, 0, 0, 0, 0, 4, 3, 89
"/home/Tino/Documents/Coding Projects/Velocity-Engine/thirdParty/glfw-3.4/docs/html/dir_13577e2d8b9423099662de029791bd7d.html", "HTML", 0, 0, 0, 0, 0, 0, 87, 0, 0, 0, 0, 4, 3, 94
"/home/Tino/Documents/Coding Projects/Velocity-Engine/thirdParty/glfw-3.4/docs/html/dir_7f92719a7fe62e5b064f87d7a3c220b1.html", "HTML", 0, 0, 0, 0, 0, 0, 89, 0, 0, 0, 0, 4, 3, 96
"/home/Tino/Documents/Coding Projects/Velocity-Engine/thirdParty/glfw-3.4/docs/html/dir_a788ef6c2b1e5b367804e0b6ccfd6f11.html", "HTML", 0, 0, 0, 0, 0, 0, 79, 0, 0, 0, 0, 4, 3, 86
"/home/Tino/Documents/Coding Projects/Velocity-Engine/thirdParty/glfw-3.4/docs/html/dir_b11153cd0f4fd04a7564cc166f482635.html", "HTML", 0, 0, 0, 0, 0, 0, 85, 0, 0, 0, 0, 4, 3, 92
"/home/Tino/Documents/Coding Projects/Velocity-Engine/thirdParty/glfw-3.4/docs/html/doc.svg", "XML", 0, 0, 0, 0, 0, 0, 0, 0, 12, 0, 0, 0, 1, 13
"/home/Tino/Documents/Coding Projects/Velocity-Engine/thirdParty/glfw-3.4/docs/html/docd.svg", "XML", 0, 0, 0, 0, 0, 0, 0, 0, 12, 0, 0, 0, 1, 13
"/home/Tino/Documents/Coding Projects/Velocity-Engine/thirdParty/glfw-3.4/docs/html/doxygen.css", "PostCSS", 0, 0, 0, 0, 0, 1383, 0, 0, 0, 0, 0, 25, 278, 1686
"/home/Tino/Documents/Coding Projects/Velocity-Engine/thirdParty/glfw-3.4/docs/html/doxygen.svg", "XML", 0, 0, 0, 0, 0, 0, 0, 0, 28, 0, 0, 0, 1, 29
"/home/Tino/Documents/Coding Projects/Velocity-Engine/thirdParty/glfw-3.4/docs/html/dynsections.js", "JavaScript", 0, 0, 0, 0, 0, 0, 0, 0, 0, 0, 131, 48, 14, 193
"/home/Tino/Documents/Coding Projects/Velocity-Engine/thirdParty/glfw-3.4/docs/html/extra.css", "PostCSS", 0, 0, 0, 0, 0, 1, 0, 0, 0, 0, 0, 1, 1, 3
"/home/Tino/Documents/Coding Projects/Velocity-Engine/thirdParty/glfw-3.4/docs/html/files.html", "HTML", 0, 0, 0, 0, 0, 0, 85, 0, 0, 0, 0, 4, 3, 92
"/home/Tino/Documents/Coding Projects/Velocity-Engine/thirdParty/glfw-3.4/docs/html/folderclosed.svg", "XML", 0, 0, 0, 0, 0, 0, 0, 0, 11, 0, 0, 0, 1, 12
"/home/Tino/Documents/Coding Projects/Velocity-Engine/thirdParty/glfw-3.4/docs/html/folderclosedd.svg", "XML", 0, 0, 0, 0, 0, 0, 0, 0, 11, 0, 0, 0, 1, 12
"/home/Tino/Documents/Coding Projects/Velocity-Engine/thirdParty/glfw-3.4/docs/html/folderopen.svg", "XML", 0, 0, 0, 0, 0, 0, 0, 0, 17, 0, 0, 0, 1, 18
"/home/Tino/Documents/Coding Projects/Velocity-Engine/thirdParty/glfw-3.4/docs/html/folderopend.svg", "XML", 0, 0, 0, 0, 0, 0, 0, 0, 12, 0, 0, 0, 1, 13
"/home/Tino/Documents/Coding Projects/Velocity-Engine/thirdParty/glfw-3.4/docs/html/glfw3_8h.html", "HTML", 0, 0, 0, 0, 0, 0, 1824, 0, 0, 0, 0, 4, 83, 1911
"/home/Tino/Documents/Coding Projects/Velocity-Engine/thirdParty/glfw-3.4/docs/html/glfw3_8h_source.html", "HTML", 0, 0, 0, 0, 0, 0, 1254, 0, 0, 0, 0, 4, 3, 1261
"/home/Tino/Documents/Coding Projects/Velocity-Engine/thirdParty/glfw-3.4/docs/html/glfw3native_8h.html", "HTML", 0, 0, 0, 0, 0, 0, 164, 0, 0, 0, 0, 4, 3, 171
"/home/Tino/Documents/Coding Projects/Velocity-Engine/thirdParty/glfw-3.4/docs/html/glfw3native_8h_source.html", "HTML", 0, 0, 0, 0, 0, 0, 300, 0, 0, 0, 0, 4, 3, 307
"/home/Tino/Documents/Coding Projects/Velocity-Engine/thirdParty/glfw-3.4/docs/html/group__buttons.html", "HTML", 0, 0, 0, 0, 0, 0, 252, 0, 0, 0, 0, 4, 27, 283
"/home/Tino/Documents/Coding Projects/Velocity-Engine/thirdParty/glfw-3.4/docs/html/group__context.html", "HTML", 0, 0, 0, 0, 0, 0, 286, 0, 0, 0, 0, 4, 15, 305
"/home/Tino/Documents/Coding Projects/Velocity-Engine/thirdParty/glfw-3.4/docs/html/group__errors.html", "HTML", 0, 0, 0, 0, 0, 0, 348, 0, 0, 0, 0, 4, 33, 385
"/home/Tino/Documents/Coding Projects/Velocity-Engine/thirdParty/glfw-3.4/docs/html/group__gamepad__axes.html", "HTML", 0, 0, 0, 0, 0, 0, 182, 0, 0, 0, 0, 4, 17, 203
"/home/Tino/Documents/Coding Projects/Velocity-Engine/thirdParty/glfw-3.4/docs/html/group__gamepad__buttons.html", "HTML", 0, 0, 0, 0, 0, 0, 364, 0, 0, 0, 0, 4, 43, 411
"/home/Tino/Documents/Coding Projects/Velocity-Engine/thirdParty/glfw-3.4/docs/html/group__hat__state.html", "HTML", 0, 0, 0, 0, 0, 0, 210, 0, 0, 0, 0, 4, 21, 235
"/home/Tino/Documents/Coding Projects/Velocity-Engine/thirdParty/glfw-3.4/docs/html/group__init.html", "HTML", 0, 0, 0, 0, 0, 0, 941, 0, 0, 0, 0, 4, 71, 1016
"/home/Tino/Documents/Coding Projects/Velocity-Engine/thirdParty/glfw-3.4/docs/html/group__input.html", "HTML", 0, 0, 0, 0, 0, 0, 2169, 0, 0, 0, 0, 4, 113, 2286
"/home/Tino/Documents/Coding Projects/Velocity-Engine/thirdParty/glfw-3.4/docs/html/group__joysticks.html", "HTML", 0, 0, 0, 0, 0, 0, 322, 0, 0, 0, 0, 4, 37, 363
"/home/Tino/Documents/Coding Projects/Velocity-Engine/thirdParty/glfw-3.4/docs/html/group__keys.html", "HTML", 0, 0, 0, 0, 0, 0, 1786, 0, 0, 0, 0, 4, 245, 2035
"/home/Tino/Documents/Coding Projects/Velocity-Engine/thirdParty/glfw-3.4/docs/html/group__mods.html", "HTML", 0, 0, 0, 0, 0, 0, 180, 0, 0, 0, 0, 4, 15, 199
"/home/Tino/Documents/Coding Projects/Velocity-Engine/thirdParty/glfw-3.4/docs/html/group__monitor.html", "HTML", 0, 0, 0, 0, 0, 0, 805, 0, 0, 0, 0, 4, 41, 850
"/home/Tino/Documents/Coding Projects/Velocity-Engine/thirdParty/glfw-3.4/docs/html/group__native.html", "HTML", 0, 0, 0, 0, 0, 0, 781, 0, 0, 0, 0, 4, 53, 838
"/home/Tino/Documents/Coding Projects/Velocity-Engine/thirdParty/glfw-3.4/docs/html/group__shapes.html", "HTML", 0, 0, 0, 0, 0, 0, 305, 0, 0, 0, 0, 4, 29, 338
"/home/Tino/Documents/Coding Projects/Velocity-Engine/thirdParty/glfw-3.4/docs/html/group__vulkan.html", "HTML", 0, 0, 0, 0, 0, 0, 343, 0, 0, 0, 0, 4, 15, 362
"/home/Tino/Documents/Coding Projects/Velocity-Engine/thirdParty/glfw-3.4/docs/html/group__window.html", "HTML", 0, 0, 0, 0, 0, 0, 3378, 0, 0, 0, 0, 4, 227, 3609
"/home/Tino/Documents/Coding Projects/Velocity-Engine/thirdParty/glfw-3.4/docs/html/index.html", "HTML", 0, 0, 0, 0, 0, 0, 94, 0, 0, 0, 0, 4, 3, 101
"/home/Tino/Documents/Coding Projects/Velocity-Engine/thirdParty/glfw-3.4/docs/html/input_8md.html", "HTML", 0, 0, 0, 0, 0, 0, 75, 0, 0, 0, 0, 4, 3, 82
"/home/Tino/Documents/Coding Projects/Velocity-Engine/thirdParty/glfw-3.4/docs/html/input_guide.html", "HTML", 0, 0, 0, 0, 0, 0, 570, 0, 0, 0, 0, 4, 3, 577
"/home/Tino/Documents/Coding Projects/Velocity-Engine/thirdParty/glfw-3.4/docs/html/internal_8md.html", "HTML", 0, 0, 0, 0, 0, 0, 75, 0, 0, 0, 0, 4, 3, 82
"/home/Tino/Documents/Coding Projects/Velocity-Engine/thirdParty/glfw-3.4/docs/html/internals_guide.html", "HTML", 0, 0, 0, 0, 0, 0, 129, 0, 0, 0, 0, 4, 3, 136
"/home/Tino/Documents/Coding Projects/Velocity-Engine/thirdParty/glfw-3.4/docs/html/intro_8md.html", "HTML", 0, 0, 0, 0, 0, 0, 75, 0, 0, 0, 0, 4, 3, 82
"/home/Tino/Documents/Coding Projects/Velocity-Engine/thirdParty/glfw-3.4/docs/html/intro_guide.html", "HTML", 0, 0, 0, 0, 0, 0, 423, 0, 0, 0, 0, 4, 3, 430
"/home/Tino/Documents/Coding Projects/Velocity-Engine/thirdParty/glfw-3.4/docs/html/jquery.js", "JavaScript", 0, 0, 0, 0, 0, 0, 0, 0, 0, 0, 21, 12, 1, 34
"/home/Tino/Documents/Coding Projects/Velocity-Engine/thirdParty/glfw-3.4/docs/html/main_8md.html", "HTML", 0, 0, 0, 0, 0, 0, 75, 0, 0, 0, 0, 4, 3, 82
"/home/Tino/Documents/Coding Projects/Velocity-Engine/thirdParty/glfw-3.4/docs/html/menu.js", "JavaScript", 0, 0, 0, 0, 0, 0, 0, 0, 0, 0, 108, 27, 2, 137
"/home/Tino/Documents/Coding Projects/Velocity-Engine/thirdParty/glfw-3.4/docs/html/menudata.js", "JavaScript", 0, 0, 0, 0, 0, 0, 0, 0, 0, 0, 6, 24, 1, 31
"/home/Tino/Documents/Coding Projects/Velocity-Engine/thirdParty/glfw-3.4/docs/html/minus.svg", "XML", 0, 0, 0, 0, 0, 0, 0, 0, 8, 0, 0, 0, 1, 9
"/home/Tino/Documents/Coding Projects/Velocity-Engine/thirdParty/glfw-3.4/docs/html/minusd.svg", "XML", 0, 0, 0, 0, 0, 0, 0, 0, 8, 0, 0, 0, 1, 9
"/home/Tino/Documents/Coding Projects/Velocity-Engine/thirdParty/glfw-3.4/docs/html/monitor_8md.html", "HTML", 0, 0, 0, 0, 0, 0, 75, 0, 0, 0, 0, 4, 3, 82
"/home/Tino/Documents/Coding Projects/Velocity-Engine/thirdParty/glfw-3.4/docs/html/monitor_guide.html", "HTML", 0, 0, 0, 0, 0, 0, 222, 0, 0, 0, 0, 4, 3, 229
"/home/Tino/Documents/Coding Projects/Velocity-Engine/thirdParty/glfw-3.4/docs/html/moving_8md.html", "HTML", 0, 0, 0, 0, 0, 0, 75, 0, 0, 0, 0, 4, 3, 82
"/home/Tino/Documents/Coding Projects/Velocity-Engine/thirdParty/glfw-3.4/docs/html/moving_guide.html", "HTML", 0, 0, 0, 0, 0, 0, 354, 0, 0, 0, 0, 4, 3, 361
"/home/Tino/Documents/Coding Projects/Velocity-Engine/thirdParty/glfw-3.4/docs/html/news.html", "HTML", 0, 0, 0, 0, 0, 0, 330, 0, 0, 0, 0, 4, 3, 337
"/home/Tino/Documents/Coding Projects/Velocity-Engine/thirdParty/glfw-3.4/docs/html/news_8md.html", "HTML", 0, 0, 0, 0, 0, 0, 75, 0, 0, 0, 0, 4, 3, 82
"/home/Tino/Documents/Coding Projects/Velocity-Engine/thirdParty/glfw-3.4/docs/html/pages.html", "HTML", 0, 0, 0, 0, 0, 0, 93, 0, 0, 0, 0, 4, 3, 100
"/home/Tino/Documents/Coding Projects/Velocity-Engine/thirdParty/glfw-3.4/docs/html/plus.svg", "XML", 0, 0, 0, 0, 0, 0, 0, 0, 9, 0, 0, 0, 1, 10
"/home/Tino/Documents/Coding Projects/Velocity-Engine/thirdParty/glfw-3.4/docs/html/plusd.svg", "XML", 0, 0, 0, 0, 0, 0, 0, 0, 9, 0, 0, 0, 1, 10
"/home/Tino/Documents/Coding Projects/Velocity-Engine/thirdParty/glfw-3.4/docs/html/quick_8md.html", "HTML", 0, 0, 0, 0, 0, 0, 75, 0, 0, 0, 0, 4, 3, 82
"/home/Tino/Documents/Coding Projects/Velocity-Engine/thirdParty/glfw-3.4/docs/html/quick_guide.html", "HTML", 0, 0, 0, 0, 0, 0, 400, 0, 0, 0, 0, 4, 3, 407
"/home/Tino/Documents/Coding Projects/Velocity-Engine/thirdParty/glfw-3.4/docs/html/search/all_0.js", "JavaScript", 0, 0, 0, 0, 0, 0, 0, 0, 0, 0, 4, 0, 1, 5
"/home/Tino/Documents/Coding Projects/Velocity-Engine/thirdParty/glfw-3.4/docs/html/search/all_1.js", "JavaScript", 0, 0, 0, 0, 0, 0, 0, 0, 0, 0, 4, 0, 1, 5
"/home/Tino/Documents/Coding Projects/Velocity-Engine/thirdParty/glfw-3.4/docs/html/search/all_10.js", "JavaScript", 0, 0, 0, 0, 0, 0, 0, 0, 0, 0, 13, 0, 1, 14
"/home/Tino/Documents/Coding Projects/Velocity-Engine/thirdParty/glfw-3.4/docs/html/search/all_11.js", "JavaScript", 0, 0, 0, 0, 0, 0, 0, 0, 0, 0, 11, 0, 1, 12
"/home/Tino/Documents/Coding Projects/Velocity-Engine/thirdParty/glfw-3.4/docs/html/search/all_12.js", "JavaScript", 0, 0, 0, 0, 0, 0, 0, 0, 0, 0, 26, 0, 1, 27
"/home/Tino/Documents/Coding Projects/Velocity-Engine/thirdParty/glfw-3.4/docs/html/search/all_13.js", "JavaScript", 0, 0, 0, 0, 0, 0, 0, 0, 0, 0, 51, 0, 1, 52
"/home/Tino/Documents/Coding Projects/Velocity-Engine/thirdParty/glfw-3.4/docs/html/search/all_14.js", "JavaScript", 0, 0, 0, 0, 0, 0, 0, 0, 0, 0, 22, 0, 1, 23
"/home/Tino/Documents/Coding Projects/Velocity-Engine/thirdParty/glfw-3.4/docs/html/search/all_15.js", "JavaScript", 0, 0, 0, 0, 0, 0, 0, 0, 0, 0, 35, 0, 1, 36
"/home/Tino/Documents/Coding Projects/Velocity-Engine/thirdParty/glfw-3.4/docs/html/search/all_16.js", "JavaScript", 0, 0, 0, 0, 0, 0, 0, 0, 0, 0, 29, 0, 1, 30
"/home/Tino/Documents/Coding Projects/Velocity-Engine/thirdParty/glfw-3.4/docs/html/search/all_17.js", "JavaScript", 0, 0, 0, 0, 0, 0, 0, 0, 0, 0, 8, 0, 1, 9
"/home/Tino/Documents/Coding Projects/Velocity-Engine/thirdParty/glfw-3.4/docs/html/search/all_18.js", "JavaScript", 0, 0, 0, 0, 0, 0, 0, 0, 0, 0, 44, 0, 1, 45
"/home/Tino/Documents/Coding Projects/Velocity-Engine/thirdParty/glfw-3.4/docs/html/search/all_19.js", "JavaScript", 0, 0, 0, 0, 0, 0, 0, 0, 0, 0, 60, 0, 1, 61
"/home/Tino/Documents/Coding Projects/Velocity-Engine/thirdParty/glfw-3.4/docs/html/search/all_1a.js", "JavaScript", 0, 0, 0, 0, 0, 0, 0, 0, 0, 0, 39, 0, 1, 40
"/home/Tino/Documents/Coding Projects/Velocity-Engine/thirdParty/glfw-3.4/docs/html/search/all_1b.js", "JavaScript", 0, 0, 0, 0, 0, 0, 0, 0, 0, 0, 8, 0, 1, 9
"/home/Tino/Documents/Coding Projects/Velocity-Engine/thirdParty/glfw-3.4/docs/html/search/all_1c.js", "JavaScript", 0, 0, 0, 0, 0, 0, 0, 0, 0, 0, 32, 0, 1, 33
"/home/Tino/Documents/Coding Projects/Velocity-Engine/thirdParty/glfw-3.4/docs/html/search/all_1d.js", "JavaScript", 0, 0, 0, 0, 0, 0, 0, 0, 0, 0, 84, 0, 1, 85
"/home/Tino/Documents/Coding Projects/Velocity-Engine/thirdParty/glfw-3.4/docs/html/search/all_1e.js", "JavaScript", 0, 0, 0, 0, 0, 0, 0, 0, 0, 0, 13, 0, 1, 14
"/home/Tino/Documents/Coding Projects/Velocity-Engine/thirdParty/glfw-3.4/docs/html/search/all_1f.js", "JavaScript", 0, 0, 0, 0, 0, 0, 0, 0, 0, 0, 4, 0, 1, 5
"/home/Tino/Documents/Coding Projects/Velocity-Engine/thirdParty/glfw-3.4/docs/html/search/all_2.js", "JavaScript", 0, 0, 0, 0, 0, 0, 0, 0, 0, 0, 5, 0, 1, 6
"/home/Tino/Documents/Coding Projects/Velocity-Engine/thirdParty/glfw-3.4/docs/html/search/all_3.js", "JavaScript", 0, 0, 0, 0, 0, 0, 0, 0, 0, 0, 4, 0, 1, 5
"/home/Tino/Documents/Coding Projects/Velocity-Engine/thirdParty/glfw-3.4/docs/html/search/all_4.js", "JavaScript", 0, 0, 0, 0, 0, 0, 0, 0, 0, 0, 4, 0, 1, 5
"/home/Tino/Documents/Coding Projects/Velocity-Engine/thirdParty/glfw-3.4/docs/html/search/all_5.js", "JavaScript", 0, 0, 0, 0, 0, 0, 0, 0, 0, 0, 4, 0, 1, 5
"/home/Tino/Documents/Coding Projects/Velocity-Engine/thirdParty/glfw-3.4/docs/html/search/all_6.js", "JavaScript", 0, 0, 0, 0, 0, 0, 0, 0, 0, 0, 4, 0, 1, 5
"/home/Tino/Documents/Coding Projects/Velocity-Engine/thirdParty/glfw-3.4/docs/html/search/all_7.js", "JavaScript", 0, 0, 0, 0, 0, 0, 0, 0, 0, 0, 58, 0, 1, 59
"/home/Tino/Documents/Coding Projects/Velocity-Engine/thirdParty/glfw-3.4/docs/html/search/all_8.js", "JavaScript", 0, 0, 0, 0, 0, 0, 0, 0, 0, 0, 21, 0, 1, 22
"/home/Tino/Documents/Coding Projects/Velocity-Engine/thirdParty/glfw-3.4/docs/html/search/all_9.js", "JavaScript", 0, 0, 0, 0, 0, 0, 0, 0, 0, 0, 82, 0, 1, 83
"/home/Tino/Documents/Coding Projects/Velocity-Engine/thirdParty/glfw-3.4/docs/html/search/all_a.js", "JavaScript", 0, 0, 0, 0, 0, 0, 0, 0, 0, 0, 20, 0, 1, 21
"/home/Tino/Documents/Coding Projects/Velocity-Engine/thirdParty/glfw-3.4/docs/html/search/all_b.js", "JavaScript", 0, 0, 0, 0, 0, 0, 0, 0, 0, 0, 26, 0, 1, 27
"/home/Tino/Documents/Coding Projects/Velocity-Engine/thirdParty/glfw-3.4/docs/html/search/all_c.js", "JavaScript", 0, 0, 0, 0, 0, 0, 0, 0, 0, 0, 35, 0, 1, 36
"/home/Tino/Documents/Coding Projects/Velocity-Engine/thirdParty/glfw-3.4/docs/html/search/all_d.js", "JavaScript", 0, 0, 0, 0, 0, 0, 0, 0, 0, 0, 555, 0, 1, 556
"/home/Tino/Documents/Coding Projects/Velocity-Engine/thirdParty/glfw-3.4/docs/html/search/all_e.js", "JavaScript", 0, 0, 0, 0, 0, 0, 0, 0, 0, 0, 23, 0, 1, 24
"/home/Tino/Documents/Coding Projects/Velocity-Engine/thirdParty/glfw-3.4/docs/html/search/all_f.js", "JavaScript", 0, 0, 0, 0, 0, 0, 0, 0, 0, 0, 40, 0, 1, 41
"/home/Tino/Documents/Coding Projects/Velocity-Engine/thirdParty/glfw-3.4/docs/html/search/classes_0.js", "JavaScript", 0, 0, 0, 0, 0, 0, 0, 0, 0, 0, 8, 0, 1, 9
"/home/Tino/Documents/Coding Projects/Velocity-Engine/thirdParty/glfw-3.4/docs/html/search/close.svg", "XML", 0, 0, 0, 0, 0, 0, 0, 0, 18, 0, 0, 0, 1, 19
"/home/Tino/Documents/Coding Projects/Velocity-Engine/thirdParty/glfw-3.4/docs/html/search/defines_0.js", "JavaScript", 0, 0, 0, 0, 0, 0, 0, 0, 0, 0, 43, 0, 1, 44
"/home/Tino/Documents/Coding Projects/Velocity-Engine/thirdParty/glfw-3.4/docs/html/search/files_0.js", "JavaScript", 0, 0, 0, 0, 0, 0, 0, 0, 0, 0, 4, 0, 1, 5
"/home/Tino/Documents/Coding Projects/Velocity-Engine/thirdParty/glfw-3.4/docs/html/search/files_1.js", "JavaScript", 0, 0, 0, 0, 0, 0, 0, 0, 0, 0, 6, 0, 1, 7
"/home/Tino/Documents/Coding Projects/Velocity-Engine/thirdParty/glfw-3.4/docs/html/search/files_2.js", "JavaScript", 0, 0, 0, 0, 0, 0, 0, 0, 0, 0, 5, 0, 1, 6
"/home/Tino/Documents/Coding Projects/Velocity-Engine/thirdParty/glfw-3.4/docs/html/search/files_3.js", "JavaScript", 0, 0, 0, 0, 0, 0, 0, 0, 0, 0, 6, 0, 1, 7
"/home/Tino/Documents/Coding Projects/Velocity-Engine/thirdParty/glfw-3.4/docs/html/search/files_4.js", "JavaScript", 0, 0, 0, 0, 0, 0, 0, 0, 0, 0, 6, 0, 1, 7
"/home/Tino/Documents/Coding Projects/Velocity-Engine/thirdParty/glfw-3.4/docs/html/search/files_5.js", "JavaScript", 0, 0, 0, 0, 0, 0, 0, 0, 0, 0, 4, 0, 1, 5
"/home/Tino/Documents/Coding Projects/Velocity-Engine/thirdParty/glfw-3.4/docs/html/search/files_6.js", "JavaScript", 0, 0, 0, 0, 0, 0, 0, 0, 0, 0, 4, 0, 1, 5
"/home/Tino/Documents/Coding Projects/Velocity-Engine/thirdParty/glfw-3.4/docs/html/search/files_7.js", "JavaScript", 0, 0, 0, 0, 0, 0, 0, 0, 0, 0, 4, 0, 1, 5
"/home/Tino/Documents/Coding Projects/Velocity-Engine/thirdParty/glfw-3.4/docs/html/search/files_8.js", "JavaScript", 0, 0, 0, 0, 0, 0, 0, 0, 0, 0, 4, 0, 1, 5
"/home/Tino/Documents/Coding Projects/Velocity-Engine/thirdParty/glfw-3.4/docs/html/search/functions_0.js", "JavaScript", 0, 0, 0, 0, 0, 0, 0, 0, 0, 0, 152, 0, 1, 153
"/home/Tino/Documents/Coding Projects/Velocity-Engine/thirdParty/glfw-3.4/docs/html/search/groups_0.js", "JavaScript", 0, 0, 0, 0, 0, 0, 0, 0, 0, 0, 6, 0, 1, 7
"/home/Tino/Documents/Coding Projects/Velocity-Engine/thirdParty/glfw-3.4/docs/html/search/groups_1.js", "JavaScript", 0, 0, 0, 0, 0, 0, 0, 0, 0, 0, 4, 0, 1, 5
"/home/Tino/Documents/Coding Projects/Velocity-Engine/thirdParty/glfw-3.4/docs/html/search/groups_10.js", "JavaScript", 0, 0, 0, 0, 0, 0, 0, 0, 0, 0, 4, 0, 1, 5
"/home/Tino/Documents/Coding Projects/Velocity-Engine/thirdParty/glfw-3.4/docs/html/search/groups_2.js", "JavaScript", 0, 0, 0, 0, 0, 0, 0, 0, 0, 0, 6, 0, 1, 7
"/home/Tino/Documents/Coding Projects/Velocity-Engine/thirdParty/glfw-3.4/docs/html/search/groups_3.js", "JavaScript", 0, 0, 0, 0, 0, 0, 0, 0, 0, 0, 5, 0, 1, 6
"/home/Tino/Documents/Coding Projects/Velocity-Engine/thirdParty/glfw-3.4/docs/html/search/groups_4.js", "JavaScript", 0, 0, 0, 0, 0, 0, 0, 0, 0, 0, 4, 0, 1, 5
"/home/Tino/Documents/Coding Projects/Velocity-Engine/thirdParty/glfw-3.4/docs/html/search/groups_5.js", "JavaScript", 0, 0, 0, 0, 0, 0, 0, 0, 0, 0, 5, 0, 1, 6
"/home/Tino/Documents/Coding Projects/Velocity-Engine/thirdParty/glfw-3.4/docs/html/search/groups_6.js", "JavaScript", 0, 0, 0, 0, 0, 0, 0, 0, 0, 0, 4, 0, 1, 5
"/home/Tino/Documents/Coding Projects/Velocity-Engine/thirdParty/glfw-3.4/docs/html/search/groups_7.js", "JavaScript", 0, 0, 0, 0, 0, 0, 0, 0, 0, 0, 5, 0, 1, 6
"/home/Tino/Documents/Coding Projects/Velocity-Engine/thirdParty/glfw-3.4/docs/html/search/groups_8.js", "JavaScript", 0, 0, 0, 0, 0, 0, 0, 0, 0, 0, 5, 0, 1, 6
"/home/Tino/Documents/Coding Projects/Velocity-Engine/thirdParty/glfw-3.4/docs/html/search/groups_9.js", "JavaScript", 0, 0, 0, 0, 0, 0, 0, 0, 0, 0, 6, 0, 1, 7
"/home/Tino/Documents/Coding Projects/Velocity-Engine/thirdParty/glfw-3.4/docs/html/search/groups_a.js", "JavaScript", 0, 0, 0, 0, 0, 0, 0, 0, 0, 0, 6, 0, 1, 7
"/home/Tino/Documents/Coding Projects/Velocity-Engine/thirdParty/glfw-3.4/docs/html/search/groups_b.js", "JavaScript", 0, 0, 0, 0, 0, 0, 0, 0, 0, 0, 4, 0, 1, 5
"/home/Tino/Documents/Coding Projects/Velocity-Engine/thirdParty/glfw-3.4/docs/html/search/groups_c.js", "JavaScript", 0, 0, 0, 0, 0, 0, 0, 0, 0, 0, 4, 0, 1, 5
"/home/Tino/Documents/Coding Projects/Velocity-Engine/thirdParty/glfw-3.4/docs/html/search/groups_d.js", "JavaScript", 0, 0, 0, 0, 0, 0, 0, 0, 0, 0, 7, 0, 1, 8
"/home/Tino/Documents/Coding Projects/Velocity-Engine/thirdParty/glfw-3.4/docs/html/search/groups_e.js", "JavaScript", 0, 0, 0, 0, 0, 0, 0, 0, 0, 0, 4, 0, 1, 5
"/home/Tino/Documents/Coding Projects/Velocity-Engine/thirdParty/glfw-3.4/docs/html/search/groups_f.js", "JavaScript", 0, 0, 0, 0, 0, 0, 0, 0, 0, 0, 5, 0, 1, 6
"/home/Tino/Documents/Coding Projects/Velocity-Engine/thirdParty/glfw-3.4/docs/html/search/mag.svg", "XML", 0, 0, 0, 0, 0, 0, 0, 0, 24, 0, 0, 0, 1, 25
"/home/Tino/Documents/Coding Projects/Velocity-Engine/thirdParty/glfw-3.4/docs/html/search/mag_d.svg", "XML", 0, 0, 0, 0, 0, 0, 0, 0, 24, 0, 0, 0, 1, 25
"/home/Tino/Documents/Coding Projects/Velocity-Engine/thirdParty/glfw-3.4/docs/html/search/mag_sel.svg", "XML", 0, 0, 0, 0, 0, 0, 0, 0, 30, 0, 0, 1, 1, 32
"/home/Tino/Documents/Coding Projects/Velocity-Engine/thirdParty/glfw-3.4/docs/html/search/mag_seld.svg", "XML", 0, 0, 0, 0, 0, 0, 0, 0, 30, 0, 0, 1, 1, 32
"/home/Tino/Documents/Coding Projects/Velocity-Engine/thirdParty/glfw-3.4/docs/html/search/pages_0.js", "JavaScript", 0, 0, 0, 0, 0, 0, 0, 0, 0, 0, 4, 0, 1, 5
"/home/Tino/Documents/Coding Projects/Velocity-Engine/thirdParty/glfw-3.4/docs/html/search/pages_1.js", "JavaScript", 0, 0, 0, 0, 0, 0, 0, 0, 0, 0, 5, 0, 1, 6
"/home/Tino/Documents/Coding Projects/Velocity-Engine/thirdParty/glfw-3.4/docs/html/search/pages_10.js", "JavaScript", 0, 0, 0, 0, 0, 0, 0, 0, 0, 0, 5, 0, 1, 6
"/home/Tino/Documents/Coding Projects/Velocity-Engine/thirdParty/glfw-3.4/docs/html/search/pages_11.js", "JavaScript", 0, 0, 0, 0, 0, 0, 0, 0, 0, 0, 4, 0, 1, 5
"/home/Tino/Documents/Coding Projects/Velocity-Engine/thirdParty/glfw-3.4/docs/html/search/pages_2.js", "JavaScript", 0, 0, 0, 0, 0, 0, 0, 0, 0, 0, 4, 0, 1, 5
"/home/Tino/Documents/Coding Projects/Velocity-Engine/thirdParty/glfw-3.4/docs/html/search/pages_3.js", "JavaScript", 0, 0, 0, 0, 0, 0, 0, 0, 0, 0, 5, 0, 1, 6
"/home/Tino/Documents/Coding Projects/Velocity-Engine/thirdParty/glfw-3.4/docs/html/search/pages_4.js", "JavaScript", 0, 0, 0, 0, 0, 0, 0, 0, 0, 0, 4, 0, 1, 5
"/home/Tino/Documents/Coding Projects/Velocity-Engine/thirdParty/glfw-3.4/docs/html/search/pages_5.js", "JavaScript", 0, 0, 0, 0, 0, 0, 0, 0, 0, 0, 6, 0, 1, 7
"/home/Tino/Documents/Coding Projects/Velocity-Engine/thirdParty/glfw-3.4/docs/html/search/pages_6.js", "JavaScript", 0, 0, 0, 0, 0, 0, 0, 0, 0, 0, 4, 0, 1, 5
"/home/Tino/Documents/Coding Projects/Velocity-Engine/thirdParty/glfw-3.4/docs/html/search/pages_7.js", "JavaScript", 0, 0, 0, 0, 0, 0, 0, 0, 0, 0, 5, 0, 1, 6
"/home/Tino/Documents/Coding Projects/Velocity-Engine/thirdParty/glfw-3.4/docs/html/search/pages_8.js", "JavaScript", 0, 0, 0, 0, 0, 0, 0, 0, 0, 0, 7, 0, 1, 8
"/home/Tino/Documents/Coding Projects/Velocity-Engine/thirdParty/glfw-3.4/docs/html/search/pages_9.js", "JavaScript", 0, 0, 0, 0, 0, 0, 0, 0, 0, 0, 7, 0, 1, 8
"/home/Tino/Documents/Coding Projects/Velocity-Engine/thirdParty/glfw-3.4/docs/html/search/pages_a.js", "JavaScript", 0, 0, 0, 0, 0, 0, 0, 0, 0, 0, 4, 0, 1, 5
"/home/Tino/Documents/Coding Projects/Velocity-Engine/thirdParty/glfw-3.4/docs/html/search/pages_b.js", "JavaScript", 0, 0, 0, 0, 0, 0, 0, 0, 0, 0, 5, 0, 1, 6
"/home/Tino/Documents/Coding Projects/Velocity-Engine/thirdParty/glfw-3.4/docs/html/search/pages_c.js", "JavaScript", 0, 0, 0, 0, 0, 0, 0, 0, 0, 0, 4, 0, 1, 5
"/home/Tino/Documents/Coding Projects/Velocity-Engine/thirdParty/glfw-3.4/docs/html/search/pages_d.js", "JavaScript", 0, 0, 0, 0, 0, 0, 0, 0, 0, 0, 4, 0, 1, 5
"/home/Tino/Documents/Coding Projects/Velocity-Engine/thirdParty/glfw-3.4/docs/html/search/pages_e.js", "JavaScript", 0, 0, 0, 0, 0, 0, 0, 0, 0, 0, 6, 0, 1, 7
"/home/Tino/Documents/Coding Projects/Velocity-Engine/thirdParty/glfw-3.4/docs/html/search/pages_f.js", "JavaScript", 0, 0, 0, 0, 0, 0, 0, 0, 0, 0, 6, 0, 1, 7
"/home/Tino/Documents/Coding Projects/Velocity-Engine/thirdParty/glfw-3.4/docs/html/search/search.css", "PostCSS", 0, 0, 0, 0, 0, 232, 0, 0, 0, 0, 0, 9, 51, 292
"/home/Tino/Documents/Coding Projects/Velocity-Engine/thirdParty/glfw-3.4/docs/html/search/search.js", "JavaScript", 0, 0, 0, 0, 0, 0, 0, 0, 0, 0, 711, 60, 70, 841
"/home/Tino/Documents/Coding Projects/Velocity-Engine/thirdParty/glfw-3.4/docs/html/search/searchdata.js", "JavaScript", 0, 0, 0, 0, 0, 0, 0, 0, 0, 0, 36, 0, 4, 40
"/home/Tino/Documents/Coding Projects/Velocity-Engine/thirdParty/glfw-3.4/docs/html/search/typedefs_0.js", "JavaScript", 0, 0, 0, 0, 0, 0, 0, 0, 0, 0, 36, 0, 1, 37
"/home/Tino/Documents/Coding Projects/Velocity-Engine/thirdParty/glfw-3.4/docs/html/search/variables_0.js", "JavaScript", 0, 0, 0, 0, 0, 0, 0, 0, 0, 0, 5, 0, 1, 6
"/home/Tino/Documents/Coding Projects/Velocity-Engine/thirdParty/glfw-3.4/docs/html/search/variables_1.js", "JavaScript", 0, 0, 0, 0, 0, 0, 0, 0, 0, 0, 6, 0, 1, 7
"/home/Tino/Documents/Coding Projects/Velocity-Engine/thirdParty/glfw-3.4/docs/html/search/variables_2.js", "JavaScript", 0, 0, 0, 0, 0, 0, 0, 0, 0, 0, 4, 0, 1, 5
"/home/Tino/Documents/Coding Projects/Velocity-Engine/thirdParty/glfw-3.4/docs/html/search/variables_3.js", "JavaScript", 0, 0, 0, 0, 0, 0, 0, 0, 0, 0, 5, 0, 1, 6
"/home/Tino/Documents/Coding Projects/Velocity-Engine/thirdParty/glfw-3.4/docs/html/search/variables_4.js", "JavaScript", 0, 0, 0, 0, 0, 0, 0, 0, 0, 0, 4, 0, 1, 5
"/home/Tino/Documents/Coding Projects/Velocity-Engine/thirdParty/glfw-3.4/docs/html/search/variables_5.js", "JavaScript", 0, 0, 0, 0, 0, 0, 0, 0, 0, 0, 4, 0, 1, 5
"/home/Tino/Documents/Coding Projects/Velocity-Engine/thirdParty/glfw-3.4/docs/html/search/variables_6.js", "JavaScript", 0, 0, 0, 0, 0, 0, 0, 0, 0, 0, 7, 0, 1, 8
"/home/Tino/Documents/Coding Projects/Velocity-Engine/thirdParty/glfw-3.4/docs/html/search/variables_7.js", "JavaScript", 0, 0, 0, 0, 0, 0, 0, 0, 0, 0, 4, 0, 1, 5
"/home/Tino/Documents/Coding Projects/Velocity-Engine/thirdParty/glfw-3.4/docs/html/search/variables_8.js", "JavaScript", 0, 0, 0, 0, 0, 0, 0, 0, 0, 0, 4, 0, 1, 5
"/home/Tino/Documents/Coding Projects/Velocity-Engine/thirdParty/glfw-3.4/docs/html/search/variables_9.js", "JavaScript", 0, 0, 0, 0, 0, 0, 0, 0, 0, 0, 4, 0, 1, 5
"/home/Tino/Documents/Coding Projects/Velocity-Engine/thirdParty/glfw-3.4/docs/html/spaces.svg", "XML", 0, 0, 0, 0, 0, 0, 0, 0, 875, 0, 0, 1, 2, 878
"/home/Tino/Documents/Coding Projects/Velocity-Engine/thirdParty/glfw-3.4/docs/html/struct_g_l_f_wallocator.html", "HTML", 0, 0, 0, 0, 0, 0, 153, 0, 0, 0, 0, 4, 12, 169
"/home/Tino/Documents/Coding Projects/Velocity-Engine/thirdParty/glfw-3.4/docs/html/struct_g_l_f_wgamepadstate.html", "HTML", 0, 0, 0, 0, 0, 0, 123, 0, 0, 0, 0, 4, 8, 135
"/home/Tino/Documents/Coding Projects/Velocity-Engine/thirdParty/glfw-3.4/docs/html/struct_g_l_f_wgammaramp.html", "HTML", 0, 0, 0, 0, 0, 0, 155, 0, 0, 0, 0, 4, 12, 171
"/home/Tino/Documents/Coding Projects/Velocity-Engine/thirdParty/glfw-3.4/docs/html/struct_g_l_f_wimage.html", "HTML", 0, 0, 0, 0, 0, 0, 138, 0, 0, 0, 0, 4, 10, 152
"/home/Tino/Documents/Coding Projects/Velocity-Engine/thirdParty/glfw-3.4/docs/html/struct_g_l_f_wvidmode.html", "HTML", 0, 0, 0, 0, 0, 0, 185, 0, 0, 0, 0, 4, 16, 205
"/home/Tino/Documents/Coding Projects/Velocity-Engine/thirdParty/glfw-3.4/docs/html/tabs.css", "PostCSS", 0, 0, 0, 0, 0, 1, 0, 0, 0, 0, 0, 0, 0, 1
"/home/Tino/Documents/Coding Projects/Velocity-Engine/thirdParty/glfw-3.4/docs/html/topics.html", "HTML", 0, 0, 0, 0, 0, 0, 95, 0, 0, 0, 0, 4, 3, 102
"/home/Tino/Documents/Coding Projects/Velocity-Engine/thirdParty/glfw-3.4/docs/html/vulkan_8md.html", "HTML", 0, 0, 0, 0, 0, 0, 75, 0, 0, 0, 0, 4, 3, 82
"/home/Tino/Documents/Coding Projects/Velocity-Engine/thirdParty/glfw-3.4/docs/html/vulkan_guide.html", "HTML", 0, 0, 0, 0, 0, 0, 200, 0, 0, 0, 0, 4, 3, 207
"/home/Tino/Documents/Coding Projects/Velocity-Engine/thirdParty/glfw-3.4/docs/html/window_8md.html", "HTML", 0, 0, 0, 0, 0, 0, 75, 0, 0, 0, 0, 4, 3, 82
"/home/Tino/Documents/Coding Projects/Velocity-Engine/thirdParty/glfw-3.4/docs/html/window_guide.html", "HTML", 0, 0, 0, 0, 0, 0, 800, 0, 0, 0, 0, 4, 3, 807
"/home/Tino/Documents/Coding Projects/Velocity-Engine/thirdParty/glfw-3.4/docs/input.md", "Markdown", 0, 0, 0, 0, 710, 0, 0, 0, 0, 0, 0, 0, 272, 982
"/home/Tino/Documents/Coding Projects/Velocity-Engine/thirdParty/glfw-3.4/docs/internal.md", "Markdown", 0, 0, 0, 0, 75, 0, 0, 0, 0, 0, 0, 0, 46, 121
"/home/Tino/Documents/Coding Projects/Velocity-Engine/thirdParty/glfw-3.4/docs/intro.md", "Markdown", 0, 0, 0, 0, 454, 0, 0, 0, 0, 0, 0, 0, 184, 638
"/home/Tino/Documents/Coding Projects/Velocity-Engine/thirdParty/glfw-3.4/docs/main.md", "Markdown", 0, 0, 0, 0, 26, 0, 0, 0, 0, 0, 0, 0, 13, 39
"/home/Tino/Documents/Coding Projects/Velocity-Engine/thirdParty/glfw-3.4/docs/monitor.md", "Markdown", 0, 0, 0, 0, 180, 0, 0, 0, 0, 0, 0, 0, 78, 258
"/home/Tino/Documents/Coding Projects/Velocity-Engine/thirdParty/glfw-3.4/docs/moving.md", "Markdown", 0, 0, 0, 0, 384, 0, 0, 0, 0, 0, 0, 0, 138, 522
"/home/Tino/Documents/Coding Projects/Velocity-Engine/thirdParty/glfw-3.4/docs/news.md", "Markdown", 0, 0, 0, 0, 260, 0, 0, 0, 0, 0, 0, 0, 143, 403
"/home/Tino/Documents/Coding Projects/Velocity-Engine/thirdParty/glfw-3.4/docs/quick.md", "Markdown", 0, 0, 0, 0, 264, 0, 0, 0, 0, 0, 0, 0, 102, 366
"/home/Tino/Documents/Coding Projects/Velocity-Engine/thirdParty/glfw-3.4/docs/spaces.svg", "XML", 0, 0, 0, 0, 0, 0, 0, 0, 875, 0, 0, 1, 2, 878
"/home/Tino/Documents/Coding Projects/Velocity-Engine/thirdParty/glfw-3.4/docs/vulkan.md", "Markdown", 0, 0, 0, 0, 181, 0, 0, 0, 0, 0, 0, 0, 70, 251
"/home/Tino/Documents/Coding Projects/Velocity-Engine/thirdParty/glfw-3.4/docs/window.md", "Markdown", 0, 0, 0, 0, 1145, 0, 0, 0, 0, 0, 0, 0, 386, 1531
"/home/Tino/Documents/Coding Projects/Velocity-Engine/thirdParty/glfw-3.4/examples/CMakeLists.txt", "CMake", 0, 0, 69, 0, 0, 0, 0, 0, 0, 0, 0, 0, 15, 84
"/home/Tino/Documents/Coding Projects/Velocity-Engine/thirdParty/glfw-3.4/examples/boing.c", "C", 0, 0, 0, 388, 0, 0, 0, 0, 0, 0, 0, 171, 122, 681
"/home/Tino/Documents/Coding Projects/Velocity-Engine/thirdParty/glfw-3.4/examples/gears.c", "C", 0, 0, 0, 244, 0, 0, 0, 0, 0, 0, 0, 55, 63, 362
"/home/Tino/Documents/Coding Projects/Velocity-Engine/thirdParty/glfw-3.4/examples/heightmap.c", "C", 0, 0, 0, 350, 0, 0, 0, 0, 0, 0, 0, 101, 63, 514
"/home/Tino/Documents/Coding Projects/Velocity-Engine/thirdParty/glfw-3.4/examples/offscreen.c", "C", 0, 0, 0, 107, 0, 0, 0, 0, 0, 0, 0, 26, 33, 166
"/home/Tino/Documents/Coding Projects/Velocity-Engine/thirdParty/glfw-3.4/examples/particles.c", "C", 0, 0, 0, 650, 0, 0, 0, 0, 0, 0, 0, 222, 203, 1075
"/home/Tino/Documents/Coding Projects/Velocity-Engine/thirdParty/glfw-3.4/examples/sharing.c", "C", 0, 0, 0, 152, 0, 0, 0, 0, 0, 0, 0, 33, 50, 235
"/home/Tino/Documents/Coding Projects/Velocity-Engine/thirdParty/glfw-3.4/examples/splitview.c", "C", 0, 0, 0, 332, 0, 0, 0, 0, 0, 0, 0, 103, 113, 548
"/home/Tino/Documents/Coding Projects/Velocity-Engine/thirdParty/glfw-3.4/examples/triangle-opengl.c", "C", 0, 0, 0, 114, 0, 0, 0, 0, 0, 0, 0, 27, 31, 172
"/home/Tino/Documents/Coding Projects/Velocity-Engine/thirdParty/glfw-3.4/examples/triangle-opengles.c", "C", 0, 0, 0, 117, 0, 0, 0, 0, 0, 0, 0, 24, 30, 171
"/home/Tino/Documents/Coding Projects/Velocity-Engine/thirdParty/glfw-3.4/examples/wave.c", "C", 0, 0, 0, 286, 0, 0, 0, 0, 0, 0, 0, 82, 96, 464
"/home/Tino/Documents/Coding Projects/Velocity-Engine/thirdParty/glfw-3.4/examples/windows.c", "C", 0, 0, 0, 66, 0, 0, 0, 0, 0, 0, 0, 24, 17, 107
"/home/Tino/Documents/Coding Projects/Velocity-Engine/thirdParty/glfw-3.4/include/GLFW/glfw3.h", "C++", 0, 654, 0, 0, 0, 0, 0, 0, 0, 0, 0, 5627, 267, 6548
"/home/Tino/Documents/Coding Projects/Velocity-Engine/thirdParty/glfw-3.4/include/GLFW/glfw3native.h", "C++", 0, 97, 0, 0, 0, 0, 0, 0, 0, 0, 0, 522, 45, 664
"/home/Tino/Documents/Coding Projects/Velocity-Engine/thirdParty/glfw-3.4/src/CMakeLists.txt", "CMake", 0, 0, 306, 0, 0, 0, 0, 0, 0, 0, 0, 0, 63, 369
"/home/Tino/Documents/Coding Projects/Velocity-Engine/thirdParty/glfw-3.4/src/cocoa_init.m", "Objective-C", 0, 0, 0, 0, 0, 0, 0, 0, 0, 542, 0, 55, 99, 696
"/home/Tino/Documents/Coding Projects/Velocity-Engine/thirdParty/glfw-3.4/src/cocoa_joystick.h", "C++", 0, 17, 0, 0, 0, 0, 0, 0, 0, 0, 0, 27, 6, 50
"/home/Tino/Documents/Coding Projects/Velocity-Engine/thirdParty/glfw-3.4/src/cocoa_joystick.m", "Objective-C", 0, 0, 0, 0, 0, 0, 0, 0, 0, 371, 0, 47, 68, 486
"/home/Tino/Documents/Coding Projects/Velocity-Engine/thirdParty/glfw-3.4/src/cocoa_monitor.m", "Objective-C", 0, 0, 0, 0, 0, 0, 0, 0, 0, 453, 0, 66, 125, 644
"/home/Tino/Documents/Coding Projects/Velocity-Engine/thirdParty/glfw-3.4/src/cocoa_platform.h", "C++", 0, 205, 0, 0, 0, 0, 0, 0, 0, 0, 0, 55, 43, 303
"/home/Tino/Documents/Coding Projects/Velocity-Engine/thirdParty/glfw-3.4/src/cocoa_time.c", "C", 0, 0, 0, 18, 0, 0, 0, 0, 0, 0, 0, 28, 12, 58
"/home/Tino/Documents/Coding Projects/Velocity-Engine/thirdParty/glfw-3.4/src/cocoa_time.h", "C++", 0, 5, 0, 0, 0, 0, 0, 0, 0, 0, 0, 27, 4, 36
"/home/Tino/Documents/Coding Projects/Velocity-Engine/thirdParty/glfw-3.4/src/cocoa_window.m", "Objective-C", 0, 0, 0, 0, 0, 0, 0, 0, 0, 1596, 0, 103, 374, 2073
"/home/Tino/Documents/Coding Projects/Velocity-Engine/thirdParty/glfw-3.4/src/context.c", "C", 0, 0, 0, 550, 0, 0, 0, 0, 0, 0, 0, 96, 120, 766
"/home/Tino/Documents/Coding Projects/Velocity-Engine/thirdParty/glfw-3.4/src/egl_context.c", "C", 0, 0, 0, 733, 0, 0, 0, 0, 0, 0, 0, 62, 117, 912
"/home/Tino/Documents/Coding Projects/Velocity-Engine/thirdParty/glfw-3.4/src/glx_context.c", "C", 0, 0, 0, 545, 0, 0, 0, 0, 0, 0, 0, 61, 114, 720
"/home/Tino/Documents/Coding Projects/Velocity-Engine/thirdParty/glfw-3.4/src/init.c", "C", 0, 0, 0, 388, 0, 0, 0, 0, 0, 0, 0, 59, 82, 529
"/home/Tino/Documents/Coding Projects/Velocity-Engine/thirdParty/glfw-3.4/src/input.c", "C", 0, 0, 0, 1114, 0, 0, 0, 0, 0, 0, 0, 92, 300, 1506
"/home/Tino/Documents/Coding Projects/Velocity-Engine/thirdParty/glfw-3.4/src/internal.h", "C++", 0, 792, 0, 0, 0, 0, 0, 0, 0, 0, 0, 107, 111, 1010
"/home/Tino/Documents/Coding Projects/Velocity-Engine/thirdParty/glfw-3.4/src/linux_joystick.c", "C", 0, 0, 0, 298, 0, 0, 0, 0, 0, 0, 0, 58, 81, 437
"/home/Tino/Documents/Coding Projects/Velocity-Engine/thirdParty/glfw-3.4/src/linux_joystick.h", "C++", 0, 28, 0, 0, 0, 0, 0, 0, 0, 0, 0, 29, 8, 65
"/home/Tino/Documents/Coding Projects/Velocity-Engine/thirdParty/glfw-3.4/src/mappings.h", "C++", 0, 938, 0, 0, 0, 0, 0, 0, 0, 0, 0, 58, 6, 1002
"/home/Tino/Documents/Coding Projects/Velocity-Engine/thirdParty/glfw-3.4/src/monitor.c", "C", 0, 0, 0, 370, 0, 0, 0, 0, 0, 0, 0, 67, 112, 549
"/home/Tino/Documents/Coding Projects/Velocity-Engine/thirdParty/glfw-3.4/src/nsgl_context.m", "Objective-C", 0, 0, 0, 0, 0, 0, 0, 0, 0, 252, 0, 55, 78, 385
"/home/Tino/Documents/Coding Projects/Velocity-Engine/thirdParty/glfw-3.4/src/null_init.c", "C", 0, 0, 0, 222, 0, 0, 0, 0, 0, 0, 0, 29, 14, 265
"/home/Tino/Documents/Coding Projects/Velocity-Engine/thirdParty/glfw-3.4/src/null_joystick.c", "C", 0, 0, 0, 19, 0, 0, 0, 0, 0, 0, 0, 28, 10, 57
"/home/Tino/Documents/Coding Projects/Velocity-Engine/thirdParty/glfw-3.4/src/null_joystick.h", "C++", 0, 5, 0, 0, 0, 0, 0, 0, 0, 0, 0, 25, 3, 33
"/home/Tino/Documents/Coding Projects/Velocity-Engine/thirdParty/glfw-3.4/src/null_monitor.c", "C", 0, 0, 0, 105, 0, 0, 0, 0, 0, 0, 0, 34, 22, 161
"/home/Tino/Documents/Coding Projects/Velocity-Engine/thirdParty/glfw-3.4/src/null_platform.h", "C++", 0, 225, 0, 0, 0, 0, 0, 0, 0, 0, 0, 32, 15, 272
"/home/Tino/Documents/Coding Projects/Velocity-Engine/thirdParty/glfw-3.4/src/null_window.c", "C", 0, 0, 0, 592, 0, 0, 0, 0, 0, 0, 0, 30, 98, 720
"/home/Tino/Documents/Coding Projects/Velocity-Engine/thirdParty/glfw-3.4/src/osmesa_context.c", "C", 0, 0, 0, 288, 0, 0, 0, 0, 0, 0, 0, 37, 59, 384
"/home/Tino/Documents/Coding Projects/Velocity-Engine/thirdParty/glfw-3.4/src/platform.c", "C", 0, 0, 0, 151, 0, 0, 0, 0, 0, 0, 0, 38, 24, 213
"/home/Tino/Documents/Coding Projects/Velocity-Engine/thirdParty/glfw-3.4/src/platform.h", "C++", 0, 160, 0, 0, 0, 0, 0, 0, 0, 0, 0, 26, 27, 213
"/home/Tino/Documents/Coding Projects/Velocity-Engine/thirdParty/glfw-3.4/src/posix_module.c", "C", 0, 0, 0, 16, 0, 0, 0, 0, 0, 0, 0, 28, 10, 54
"/home/Tino/Documents/Coding Projects/Velocity-Engine/thirdParty/glfw-3.4/src/posix_poll.c", "C", 0, 0, 0, 48, 0, 0, 0, 0, 0, 0, 0, 25, 11, 84
"/home/Tino/Documents/Coding Projects/Velocity-Engine/thirdParty/glfw-3.4/src/posix_poll.h", "C++", 0, 2, 0, 0, 0, 0, 0, 0, 0, 0, 0, 25, 4, 31
"/home/Tino/Documents/Coding Projects/Velocity-Engine/thirdParty/glfw-3.4/src/posix_thread.c", "C", 0, 0, 0, 59, 0, 0, 0, 0, 0, 0, 0, 29, 20, 108
"/home/Tino/Documents/Coding Projects/Velocity-Engine/thirdParty/glfw-3.4/src/posix_thread.h", "C++", 0, 13, 0, 0, 0, 0, 0, 0, 0, 0, 0, 30, 7, 50
"/home/Tino/Documents/Coding Projects/Velocity-Engine/thirdParty/glfw-3.4/src/posix_time.c", "C", 0, 0, 0, 25, 0, 0, 0, 0, 0, 0, 0, 29, 12, 66
"/home/Tino/Documents/Coding Projects/Velocity-Engine/thirdParty/glfw-3.4/src/posix_time.h", "C++", 0, 8, 0, 0, 0, 0, 0, 0, 0, 0, 0, 28, 6, 42
"/home/Tino/Documents/Coding Projects/Velocity-Engine/thirdParty/glfw-3.4/src/vulkan.c", "C", 0, 0, 0, 241, 0, 0, 0, 0, 0, 0, 0, 34, 54, 329
"/home/Tino/Documents/Coding Projects/Velocity-Engine/thirdParty/glfw-3.4/src/wgl_context.c", "C", 0, 0, 0, 625, 0, 0, 0, 0, 0, 0, 0, 55, 119, 799
"/home/Tino/Documents/Coding Projects/Velocity-Engine/thirdParty/glfw-3.4/src/win32_init.c", "C", 0, 0, 0, 565, 0, 0, 0, 0, 0, 0, 0, 73, 94, 732
"/home/Tino/Documents/Coding Projects/Velocity-Engine/thirdParty/glfw-3.4/src/win32_joystick.c", "C", 0, 0, 0, 600, 0, 0, 0, 0, 0, 0, 0, 64, 104, 768
"/home/Tino/Documents/Coding Projects/Velocity-Engine/thirdParty/glfw-3.4/src/win32_joystick.h", "C++", 0, 17, 0, 0, 0, 0, 0, 0, 0, 0, 0, 29, 6, 52
"/home/Tino/Documents/Coding Projects/Velocity-Engine/thirdParty/glfw-3.4/src/win32_module.c", "C", 0, 0, 0, 15, 0, 0, 0, 0, 0, 0, 0, 28, 9, 52
"/home/Tino/Documents/Coding Projects/Velocity-Engine/thirdParty/glfw-3.4/src/win32_monitor.c", "C", 0, 0, 0, 416, 0, 0, 0, 0, 0, 0, 0, 52, 102, 570
"/home/Tino/Documents/Coding Projects/Velocity-Engine/thirdParty/glfw-3.4/src/win32_platform.h", "C++", 0, 492, 0, 0, 0, 0, 0, 0, 0, 0, 0, 71, 65, 628
"/home/Tino/Documents/Coding Projects/Velocity-Engine/thirdParty/glfw-3.4/src/win32_thread.c", "C", 0, 0, 0, 54, 0, 0, 0, 0, 0, 0, 0, 29, 18, 101
"/home/Tino/Documents/Coding Projects/Velocity-Engine/thirdParty/glfw-3.4/src/win32_thread.h", "C++", 0, 14, 0, 0, 0, 0, 0, 0, 0, 0, 0, 33, 7, 54
"/home/Tino/Documents/Coding Projects/Velocity-Engine/thirdParty/glfw-3.4/src/win32_time.c", "C", 0, 0, 0, 17, 0, 0, 0, 0, 0, 0, 0, 29, 9, 55
"/home/Tino/Documents/Coding Projects/Velocity-Engine/thirdParty/glfw-3.4/src/win32_time.h", "C++", 0, 7, 0, 0, 0, 0, 0, 0, 0, 0, 0, 31, 6, 44
"/home/Tino/Documents/Coding Projects/Velocity-Engine/thirdParty/glfw-3.4/src/win32_window.c", "C", 0, 0, 0, 2021, 0, 0, 0, 0, 0, 0, 0, 172, 401, 2594
"/home/Tino/Documents/Coding Projects/Velocity-Engine/thirdParty/glfw-3.4/src/window.c", "C", 0, 0, 0, 906, 0, 0, 0, 0, 0, 0, 0, 67, 200, 1173
"/home/Tino/Documents/Coding Projects/Velocity-Engine/thirdParty/glfw-3.4/src/wl_init.c", "C", 0, 0, 0, 875, 0, 0, 0, 0, 0, 0, 0, 42, 87, 1004
"/home/Tino/Documents/Coding Projects/Velocity-Engine/thirdParty/glfw-3.4/src/wl_monitor.c", "C", 0, 0, 0, 191, 0, 0, 0, 0, 0, 0, 0, 36, 48, 275
"/home/Tino/Documents/Coding Projects/Velocity-Engine/thirdParty/glfw-3.4/src/wl_platform.h", "C++", 0, 586, 0, 0, 0, 0, 0, 0, 0, 0, 0, 35, 71, 692
"/home/Tino/Documents/Coding Projects/Velocity-Engine/thirdParty/glfw-3.4/src/wl_window.c", "C", 0, 0, 0, 2716, 0, 0, 0, 0, 0, 0, 0, 99, 494, 3309
"/home/Tino/Documents/Coding Projects/Velocity-Engine/thirdParty/glfw-3.4/src/x11_init.c", "C", 0, 0, 0, 1373, 0, 0, 0, 0, 0, 0, 0, 123, 161, 1657
"/home/Tino/Documents/Coding Projects/Velocity-Engine/thirdParty/glfw-3.4/src/x11_monitor.c", "C", 0, 0, 0, 481, 0, 0, 0, 0, 0, 0, 0, 54, 107, 642
"/home/Tino/Documents/Coding Projects/Velocity-Engine/thirdParty/glfw-3.4/src/x11_platform.h", "C++", 0, 854, 0, 0, 0, 0, 0, 0, 0, 0, 0, 71, 80, 1005
"/home/Tino/Documents/Coding Projects/Velocity-Engine/thirdParty/glfw-3.4/src/x11_window.c", "C", 0, 0, 0, 2624, 0, 0, 0, 0, 0, 0, 0, 224, 510, 3358
"/home/Tino/Documents/Coding Projects/Velocity-Engine/thirdParty/glfw-3.4/src/xkb_unicode.c", "C", 0, 0, 0, 860, 0, 0, 0, 0, 0, 0, 0, 67, 17, 944
"/home/Tino/Documents/Coding Projects/Velocity-Engine/thirdParty/glfw-3.4/src/xkb_unicode.h", "C++", 0, 2, 0, 0, 0, 0, 0, 0, 0, 0, 0, 25, 4, 31
"/home/Tino/Documents/Coding Projects/Velocity-Engine/thirdParty/glfw-3.4/tests/CMakeLists.txt", "CMake", 0, 0, 72, 0, 0, 0, 0, 0, 0, 0, 0, 0, 15, 87
"/home/Tino/Documents/Coding Projects/Velocity-Engine/thirdParty/glfw-3.4/tests/allocator.c", "C", 0, 0, 0, 93, 0, 0, 0, 0, 0, 0, 0, 24, 26, 143
"/home/Tino/Documents/Coding Projects/Velocity-Engine/thirdParty/glfw-3.4/tests/clipboard.c", "C", 0, 0, 0, 93, 0, 0, 0, 0, 0, 0, 0, 28, 26, 147
"/home/Tino/Documents/Coding Projects/Velocity-Engine/thirdParty/glfw-3.4/tests/cursor.c", "C", 0, 0, 0, 375, 0, 0, 0, 0, 0, 0, 0, 34, 87, 496
"/home/Tino/Documents/Coding Projects/Velocity-Engine/thirdParty/glfw-3.4/tests/empty.c", "C", 0, 0, 0, 78, 0, 0, 0, 0, 0, 0, 0, 28, 28, 134
"/home/Tino/Documents/Coding Projects/Velocity-Engine/thirdParty/glfw-3.4/tests/events.c", "C", 0, 0, 0, 561, 0, 0, 0, 0, 0, 0, 0, 36, 85, 682
"/home/Tino/Documents/Coding Projects/Velocity-Engine/thirdParty/glfw-3.4/tests/gamma.c", "C", 0, 0, 0, 128, 0, 0, 0, 0, 0, 0, 0, 29, 31, 188
"/home/Tino/Documents/Coding Projects/Velocity-Engine/thirdParty/glfw-3.4/tests/glfwinfo.c", "C", 0, 0, 0, 932, 0, 0, 0, 0, 0, 0, 0, 28, 141, 1101
"/home/Tino/Documents/Coding Projects/Velocity-Engine/thirdParty/glfw-3.4/tests/icon.c", "C", 0, 0, 0, 101, 0, 0, 0, 0, 0, 0, 0, 29, 21, 151
"/home/Tino/Documents/Coding Projects/Velocity-Engine/thirdParty/glfw-3.4/tests/iconify.c", "C", 0, 0, 0, 221, 0, 0, 0, 0, 0, 0, 0, 30, 48, 299
"/home/Tino/Documents/Coding Projects/Velocity-Engine/thirdParty/glfw-3.4/tests/inputlag.c", "C", 0, 0, 0, 223, 0, 0, 0, 0, 0, 0, 0, 30, 58, 311
"/home/Tino/Documents/Coding Projects/Velocity-Engine/thirdParty/glfw-3.4/tests/joysticks.c", "C", 0, 0, 0, 253, 0, 0, 0, 0, 0, 0, 0, 29, 65, 347
"/home/Tino/Documents/Coding Projects/Velocity-Engine/thirdParty/glfw-3.4/tests/monitors.c", "C", 0, 0, 0, 185, 0, 0, 0, 0, 0, 0, 0, 29, 50, 264
"/home/Tino/Documents/Coding Projects/Velocity-Engine/thirdParty/glfw-3.4/tests/msaa.c", "C", 0, 0, 0, 149, 0, 0, 0, 0, 0, 0, 0, 31, 42, 222
"/home/Tino/Documents/Coding Projects/Velocity-Engine/thirdParty/glfw-3.4/tests/reopen.c", "C", 0, 0, 0, 163, 0, 0, 0, 0, 0, 0, 0, 34, 45, 242
"/home/Tino/Documents/Coding Projects/Velocity-Engine/thirdParty/glfw-3.4/tests/tearing.c", "C", 0, 0, 0, 178, 0, 0, 0, 0, 0, 0, 0, 29, 45, 252
"/home/Tino/Documents/Coding Projects/Velocity-Engine/thirdParty/glfw-3.4/tests/threads.c", "C", 0, 0, 0, 95, 0, 0, 0, 0, 0, 0, 0, 29, 28, 152
"/home/Tino/Documents/Coding Projects/Velocity-Engine/thirdParty/glfw-3.4/tests/timeout.c", "C", 0, 0, 0, 53, 0, 0, 0, 0, 0, 0, 0, 28, 19, 100
"/home/Tino/Documents/Coding Projects/Velocity-Engine/thirdParty/glfw-3.4/tests/title.c", "C", 0, 0, 0, 34, 0, 0, 0, 0, 0, 0, 0, 28, 12, 74
"/home/Tino/Documents/Coding Projects/Velocity-Engine/thirdParty/glfw-3.4/tests/triangle-vulkan.c", "C", 0, 0, 0, 1688, 0, 0, 0, 0, 0, 0, 0, 134, 319, 2141
"/home/Tino/Documents/Coding Projects/Velocity-Engine/thirdParty/glfw-3.4/tests/window.c", "C", 0, 0, 0, 359, 0, 0, 0, 0, 0, 0, 0, 24, 75, 458
"/home/Tino/Documents/Coding Projects/Velocity-Engine/thirdParty/stb_image/stb_image.h", "C++", 0, 5833, 0, 0, 0, 0, 0, 0, 0, 0, 0, 1294, 862, 7989
"Total", "-", 55, 53154, 843, 31232, 4999, 1618, 23078, 333, 6864, 3214, 2883, 19311, 16918, 164502